{"cameraMode":{"drawMode":0,"name":"Shaded","section":"Shading Mode"},"sceneLighting":false,"audioPlay":false,"sceneViewState":{"showFog":true,"showMaterialUpdate":false,"showSkybox":false,"showFlares":true,"showImageEffects":true,"showParticleSystems":true},"in2DMode":false,"pivot":{"x":-20.450008392333986,"y":6.417529106140137,"z":-13.034225463867188},"rotation":{"x":0.3592599630355835,"y":0.6024878025054932,"z":-0.3480216860771179,"w":0.6219649910926819},"size":26.043052673339845,"orthographic":false}